"No","Yes","Sum"
"Employed",0.476744186046512,0.134261763115197,0.611005949161709
"Unemployed",0.26460248783126,0.124391563007031,0.388994050838291
"Sum",0.741346673877772,0.258653326122228,1
