"No","Yes","Sum"
"female",0.355414357171826,0.151683114776261,0.507097471948087
"male",0.385967284034068,0.106935244017845,0.492902528051913
"Sum",0.741381641205894,0.258618358794106,1
