"No","Yes","Sum"
"Excellent",0.0967790487658037,0.0192655027092113,0.116044551475015
"Vgood",0.25737507525587,0.0657736303431668,0.323148705599037
"Good",0.281456953642384,0.113485851896448,0.394942805538832
"Fair",0.0922636965683323,0.0477122215532812,0.139975918121613
"Poor",0.0120409391932571,0.0138470800722456,0.0258880192655027
"Sum",0.739915713425647,0.260084286574353,1
