"No","Yes","Sum"
"Over60",0.171150466405299,0.0728673786670272,0.244017845072327
"Under60",0.570231174800595,0.185750980127079,0.755982154927673
"Sum",0.741381641205894,0.258618358794106,1
