"No","Yes","Sum"
"not-white",0.270650263620387,0.0632688927943761,0.333919156414763
"White",0.470731377585508,0.19534946599973,0.666080843585237
"Sum",0.741381641205894,0.258618358794106,1
